id,phase,qty,active
1,A,10,true
2,A,10,true
3,A,10,true
4,A,10,true
5,A,10,true
6,A,10,true
7,A,10,true
8,A,10,true
9,A,10,true
10,A,10,true
11,A,10,true
12,A,10,true
13,A,10,true
14,A,10,true
15,A,10,true
16,A,10,true
17,A,10,true
18,A,10,true
19,A,10,true
20,A,10,true
21,A,10,true
22,A,10,true
23,A,10,true
24,A,10,true
25,A,10,true
26,A,10,true
27,A,10,true
28,A,10,true
29,A,10,true
30,A,10,true
31,A,10,true
32,A,10,true
33,A,10,true
34,A,10,true
35,A,10,true
36,A,10,true
37,A,10,true
38,A,10,true
39,A,10,true
40,A,10,true
41,A,10,true
42,A,10,true
43,A,10,true
44,A,10,true
45,A,10,true
46,A,10,true
47,A,10,true
48,A,10,true
49,A,10,true
50,A,10,true
51,A,10,true
52,A,10,true
53,A,10,true
54,A,10,true
55,A,10,true
56,A,10,true
57,A,10,true
58,A,10,true
59,A,10,true
60,A,10,true
61,A,10,true
62,A,10,true
63,A,10,true
64,A,10,true
65,A,10,true
66,A,10,true
67,A,10,true
68,A,10,true
69,A,10,true
70,A,10,true
71,A,10,true
72,A,10,true
73,A,10,true
74,A,10,true
75,A,10,true
76,A,10,true
77,A,10,true
78,A,10,true
79,A,10,true
80,A,10,true
81,A,10,true
82,A,10,true
83,A,10,true
84,A,10,true
85,A,10,true
86,A,10,true
87,A,10,true
88,A,10,true
89,A,10,true
90,A,10,true
91,A,10,true
92,A,10,true
93,A,10,true
94,A,10,true
95,A,10,true
96,A,10,true
97,A,10,true
98,A,10,true
99,A,10,true
100,A,10,true
101,A,10,true
102,A,10,true
103,A,10,true
104,A,10,true
105,A,10,true
106,A,10,true
107,A,10,true
108,A,10,true
109,A,10,true
110,A,10,true
111,A,10,true
112,A,10,true
113,A,10,true
114,A,10,true
115,A,10,true
116,A,10,true
117,A,10,true
118,A,10,true
119,A,10,true
120,A,10,true
121,A,10,true
122,A,10,true
123,A,10,true
124,A,10,true
125,A,10,true
126,A,10,true
127,A,10,true
128,A,10,true
129,A,10,true
130,A,10,true
131,A,10,true
132,A,10,true
133,A,10,true
134,A,10,true
135,A,10,true
136,A,10,true
137,A,10,true
138,A,10,true
139,A,10,true
140,A,10,true
141,A,10,true
142,A,10,true
143,A,10,true
144,A,10,true
145,A,10,true
146,A,10,true
147,A,10,true
148,A,10,true
149,A,10,true
150,A,10,true
151,A,10,true
152,A,10,true
153,A,10,true
154,A,10,true
155,A,10,true
156,A,10,true
157,A,10,true
158,A,10,true
159,A,10,true
160,A,10,true
161,A,10,true
162,A,10,true
163,A,10,true
164,A,10,true
165,A,10,true
166,A,10,true
167,A,10,true
168,A,10,true
169,A,10,true
170,A,10,true
171,A,10,true
172,A,10,true
173,A,10,true
174,A,10,true
175,A,10,true
176,A,10,true
177,A,10,true
178,A,10,true
179,A,10,true
180,A,10,true
181,A,10,true
182,A,10,true
183,A,10,true
184,A,10,true
185,A,10,true
186,A,10,true
187,A,10,true
188,A,10,true
189,A,10,true
190,A,10,true
191,A,10,true
192,A,10,true
193,A,10,true
194,A,10,true
195,A,10,true
196,A,10,true
197,A,10,true
198,A,10,true
199,A,10,true
200,A,10,true
201,A,10,true
202,A,10,true
203,A,10,true
204,A,10,true
205,A,10,true
206,A,10,true
207,A,10,true
208,A,10,true
209,A,10,true
210,A,10,true
211,A,10,true
212,A,10,true
213,A,10,true
214,A,10,true
215,A,10,true
216,A,10,true
217,A,10,true
218,A,10,true
219,A,10,true
220,A,10,true
221,A,10,true
222,A,10,true
223,A,10,true
224,A,10,true
225,A,10,true
226,A,10,true
227,A,10,true
228,A,10,true
229,A,10,true
230,A,10,true
231,A,10,true
232,A,10,true
233,A,10,true
234,A,10,true
235,A,10,true
236,A,10,true
237,A,10,true
238,A,10,true
239,A,10,true
240,A,10,true
241,A,10,true
242,A,10,true
243,A,10,true
244,A,10,true
245,A,10,true
246,A,10,true
247,A,10,true
248,A,10,true
249,A,10,true
250,A,10,true
251,A,10,true
252,A,10,true
253,A,10,true
254,A,10,true
255,A,10,true
256,A,10,true
257,A,10,true
258,A,10,true
259,A,10,true
260,A,10,true
261,A,10,true
262,A,10,true
263,A,10,true
264,A,10,true
265,A,10,true
266,A,10,true
267,A,10,true
268,A,10,true
269,A,10,true
270,A,10,true
271,A,10,true
272,A,10,true
273,A,10,true
274,A,10,true
275,A,10,true
276,A,10,true
277,A,10,true
278,A,10,true
279,A,10,true
280,A,10,true
281,A,10,true
282,A,10,true
283,A,10,true
284,A,10,true
285,A,10,true
286,A,10,true
287,A,10,true
288,A,10,true
289,A,10,true
290,A,10,true
291,A,10,true
292,A,10,true
293,A,10,true
294,A,10,true
295,A,10,true
296,A,10,true
297,A,10,true
298,A,10,true
299,A,10,true
300,A,10,true
301,A,10,true
302,A,10,true
303,A,10,true
304,A,10,true
305,A,10,true
306,A,10,true
307,A,10,true
308,A,10,true
309,A,10,true
310,A,10,true
311,A,10,true
312,A,10,true
313,A,10,true
314,A,10,true
315,A,10,true
316,A,10,true
317,A,10,true
318,A,10,true
319,A,10,true
320,A,10,true
321,A,10,true
322,A,10,true
323,A,10,true
324,A,10,true
325,A,10,true
326,A,10,true
327,A,10,true
328,A,10,true
329,A,10,true
330,A,10,true
331,A,10,true
332,A,10,true
333,A,10,true
334,A,10,true
335,A,10,true
336,A,10,true
337,A,10,true
338,A,10,true
339,A,10,true
340,A,10,true
341,A,10,true
342,A,10,true
343,A,10,true
344,A,10,true
345,A,10,true
346,A,10,true
347,A,10,true
348,A,10,true
349,A,10,true
350,A,10,true
351,A,10,true
352,A,10,true
353,A,10,true
354,A,10,true
355,A,10,true
356,A,10,true
357,A,10,true
358,A,10,true
359,A,10,true
360,A,10,true
361,A,10,true
362,A,10,true
363,A,10,true
364,A,10,true
365,A,10,true
366,A,10,true
367,A,10,true
368,A,10,true
369,A,10,true
370,A,10,true
371,A,10,true
372,A,10,true
373,A,10,true
374,A,10,true
375,A,10,true
376,A,10,true
377,A,10,true
378,A,10,true
379,A,10,true
380,A,10,true
381,A,10,true
382,A,10,true
383,A,10,true
384,A,10,true
385,A,10,true
386,A,10,true
387,A,10,true
388,A,10,true
389,A,10,true
390,A,10,true
391,A,10,true
392,A,10,true
393,A,10,true
394,A,10,true
395,A,10,true
396,A,10,true
397,A,10,true
398,A,10,true
399,A,10,true
400,A,10,true
401,A,10,true
402,A,10,true
403,A,10,true
404,A,10,true
405,A,10,true
406,A,10,true
407,A,10,true
408,A,10,true
409,A,10,true
410,A,10,true
411,A,10,true
412,A,10,true
413,A,10,true
414,A,10,true
415,A,10,true
416,A,10,true
417,A,10,true
418,A,10,true
419,A,10,true
420,A,10,true
421,A,10,true
422,A,10,true
423,A,10,true
424,A,10,true
425,A,10,true
426,A,10,true
427,A,10,true
428,A,10,true
429,A,10,true
430,A,10,true
431,A,10,true
432,A,10,true
433,A,10,true
434,A,10,true
435,A,10,true
436,A,10,true
437,A,10,true
438,A,10,true
439,A,10,true
440,A,10,true
441,A,10,true
442,A,10,true
443,A,10,true
444,A,10,true
445,A,10,true
446,A,10,true
447,A,10,true
448,A,10,true
449,A,10,true
450,A,10,true
451,A,10,true
452,A,10,true
453,A,10,true
454,A,10,true
455,A,10,true
456,A,10,true
457,A,10,true
458,A,10,true
459,A,10,true
460,A,10,true
461,A,10,true
462,A,10,true
463,A,10,true
464,A,10,true
465,A,10,true
466,A,10,true
467,A,10,true
468,A,10,true
469,A,10,true
470,A,10,true
471,A,10,true
472,A,10,true
473,A,10,true
474,A,10,true
475,A,10,true
476,A,10,true
477,A,10,true
478,A,10,true
479,A,10,true
480,A,10,true
481,A,10,true
482,A,10,true
483,A,10,true
484,A,10,true
485,A,10,true
486,A,10,true
487,A,10,true
488,A,10,true
489,A,10,true
490,A,10,true
491,A,10,true
492,A,10,true
493,A,10,true
494,A,10,true
495,A,10,true
496,A,10,true
497,A,10,true
498,A,10,true
499,A,10,true
500,A,10,true
501,A,10,true
502,A,10,true
503,A,10,true
504,A,10,true
505,A,10,true
506,A,10,true
507,A,10,true
508,A,10,true
509,A,10,true
510,A,10,true
511,A,10,true
512,A,10,true
513,A,10,true
514,A,10,true
515,A,10,true
516,A,10,true
517,A,10,true
518,A,10,true
519,A,10,true
520,A,10,true
521,A,10,true
522,A,10,true
523,A,10,true
524,A,10,true
525,A,10,true
526,A,10,true
527,A,10,true
528,A,10,true
529,A,10,true
530,A,10,true
531,A,10,true
532,A,10,true
533,A,10,true
534,A,10,true
535,A,10,true
536,A,10,true
537,A,10,true
538,A,10,true
539,A,10,true
540,A,10,true
541,A,10,true
542,A,10,true
543,A,10,true
544,A,10,true
545,A,10,true
546,A,10,true
547,A,10,true
548,A,10,true
549,A,10,true
550,A,10,true
551,A,10,true
552,A,10,true
553,A,10,true
554,A,10,true
555,A,10,true
556,A,10,true
557,A,10,true
558,A,10,true
559,A,10,true
560,A,10,true
561,A,10,true
562,A,10,true
563,A,10,true
564,A,10,true
565,A,10,true
566,A,10,true
567,A,10,true
568,A,10,true
569,A,10,true
570,A,10,true
571,A,10,true
572,A,10,true
573,A,10,true
574,A,10,true
575,A,10,true
576,A,10,true
577,A,10,true
578,A,10,true
579,A,10,true
580,A,10,true
581,A,10,true
582,A,10,true
583,A,10,true
584,A,10,true
585,A,10,true
586,A,10,true
587,A,10,true
588,A,10,true
589,A,10,true
590,A,10,true
591,A,10,true
592,A,10,true
593,A,10,true
594,A,10,true
595,A,10,true
596,A,10,true
597,A,10,true
598,A,10,true
599,A,10,true
600,A,10,true
601,A,10,true
602,A,10,true
603,A,10,true
604,A,10,true
605,A,10,true
606,A,10,true
607,A,10,true
608,A,10,true
609,A,10,true
610,A,10,true
611,A,10,true
612,A,10,true
613,A,10,true
614,A,10,true
615,A,10,true
616,A,10,true
617,A,10,true
618,A,10,true
619,A,10,true
620,A,10,true
621,A,10,true
622,A,10,true
623,A,10,true
624,A,10,true
625,A,10,true
626,A,10,true
627,A,10,true
628,A,10,true
629,A,10,true
630,A,10,true
631,A,10,true
632,A,10,true
633,A,10,true
634,A,10,true
635,A,10,true
636,A,10,true
637,A,10,true
638,A,10,true
639,A,10,true
640,A,10,true
641,A,10,true
642,A,10,true
643,A,10,true
644,A,10,true
645,A,10,true
646,A,10,true
647,A,10,true
648,A,10,true
649,A,10,true
650,A,10,true
651,A,10,true
652,A,10,true
653,A,10,true
654,A,10,true
655,A,10,true
656,A,10,true
657,A,10,true
658,A,10,true
659,A,10,true
660,A,10,true
661,A,10,true
662,A,10,true
663,A,10,true
664,A,10,true
665,A,10,true
666,A,10,true
667,A,10,true
668,A,10,true
669,A,10,true
670,A,10,true
671,A,10,true
672,A,10,true
673,A,10,true
674,A,10,true
675,A,10,true
676,A,10,true
677,A,10,true
678,A,10,true
679,A,10,true
680,A,10,true
681,A,10,true
682,A,10,true
683,A,10,true
684,A,10,true
685,A,10,true
686,A,10,true
687,A,10,true
688,A,10,true
689,A,10,true
690,A,10,true
691,A,10,true
692,A,10,true
693,A,10,true
694,A,10,true
695,A,10,true
696,A,10,true
697,A,10,true
698,A,10,true
699,A,10,true
700,A,10,true
701,A,10,true
702,A,10,true
703,A,10,true
704,A,10,true
705,A,10,true
706,A,10,true
707,A,10,true
708,A,10,true
709,A,10,true
710,A,10,true
711,A,10,true
712,A,10,true
713,A,10,true
714,A,10,true
715,A,10,true
716,A,10,true
717,A,10,true
718,A,10,true
719,A,10,true
720,A,10,true
721,A,10,true
722,A,10,true
723,A,10,true
724,A,10,true
725,A,10,true
726,A,10,true
727,A,10,true
728,A,10,true
729,A,10,true
730,A,10,true
731,A,10,true
732,A,10,true
733,A,10,true
734,A,10,true
735,A,10,true
736,A,10,true
737,A,10,true
738,A,10,true
739,A,10,true
740,A,10,true
741,A,10,true
742,A,10,true
743,A,10,true
744,A,10,true
745,A,10,true
746,A,10,true
747,A,10,true
748,A,10,true
749,A,10,true
750,A,10,true
751,A,10,true
752,A,10,true
753,A,10,true
754,A,10,true
755,A,10,true
756,A,10,true
757,A,10,true
758,A,10,true
759,A,10,true
760,A,10,true
761,A,10,true
762,A,10,true
763,A,10,true
764,A,10,true
765,A,10,true
766,A,10,true
767,A,10,true
768,A,10,true
769,A,10,true
770,A,10,true
771,A,10,true
772,A,10,true
773,A,10,true
774,A,10,true
775,A,10,true
776,A,10,true
777,A,10,true
778,A,10,true
779,A,10,true
780,A,10,true
781,A,10,true
782,A,10,true
783,A,10,true
784,A,10,true
785,A,10,true
786,A,10,true
787,A,10,true
788,A,10,true
789,A,10,true
790,A,10,true
791,A,10,true
792,A,10,true
793,A,10,true
794,A,10,true
795,A,10,true
796,A,10,true
797,A,10,true
798,A,10,true
799,A,10,true
800,A,10,true
801,A,10,true
802,A,10,true
803,A,10,true
804,A,10,true
805,A,10,true
806,A,10,true
807,A,10,true
808,A,10,true
809,A,10,true
810,A,10,true
811,A,10,true
812,A,10,true
813,A,10,true
814,A,10,true
815,A,10,true
816,A,10,true
817,A,10,true
818,A,10,true
819,A,10,true
820,A,10,true
821,A,10,true
822,A,10,true
823,A,10,true
824,A,10,true
825,A,10,true
826,A,10,true
827,A,10,true
828,A,10,true
829,A,10,true
830,A,10,true
831,A,10,true
832,A,10,true
833,A,10,true
834,A,10,true
835,A,10,true
836,A,10,true
837,A,10,true
838,A,10,true
839,A,10,true
840,A,10,true
841,A,10,true
842,A,10,true
843,A,10,true
844,A,10,true
845,A,10,true
846,A,10,true
847,A,10,true
848,A,10,true
849,A,10,true
850,A,10,true
851,A,10,true
852,A,10,true
853,A,10,true
854,A,10,true
855,A,10,true
856,A,10,true
857,A,10,true
858,A,10,true
859,A,10,true
860,A,10,true
861,A,10,true
862,A,10,true
863,A,10,true
864,A,10,true
865,A,10,true
866,A,10,true
867,A,10,true
868,A,10,true
869,A,10,true
870,A,10,true
871,A,10,true
872,A,10,true
873,A,10,true
874,A,10,true
875,A,10,true
876,A,10,true
877,A,10,true
878,A,10,true
879,A,10,true
880,A,10,true
881,A,10,true
882,A,10,true
883,A,10,true
884,A,10,true
885,A,10,true
886,A,10,true
887,A,10,true
888,A,10,true
889,A,10,true
890,A,10,true
891,A,10,true
892,A,10,true
893,A,10,true
894,A,10,true
895,A,10,true
896,A,10,true
897,A,10,true
898,A,10,true
899,A,10,true
900,A,10,true
901,A,10,true
902,A,10,true
903,A,10,true
904,A,10,true
905,A,10,true
906,A,10,true
907,A,10,true
908,A,10,true
909,A,10,true
910,A,10,true
911,A,10,true
912,A,10,true
913,A,10,true
914,A,10,true
915,A,10,true
916,A,10,true
917,A,10,true
918,A,10,true
919,A,10,true
920,A,10,true
921,A,10,true
922,A,10,true
923,A,10,true
924,A,10,true
925,A,10,true
926,A,10,true
927,A,10,true
928,A,10,true
929,A,10,true
930,A,10,true
931,A,10,true
932,A,10,true
933,A,10,true
934,A,10,true
935,A,10,true
936,A,10,true
937,A,10,true
938,A,10,true
939,A,10,true
940,A,10,true
941,A,10,true
942,A,10,true
943,A,10,true
944,A,10,true
945,A,10,true
946,A,10,true
947,A,10,true
948,A,10,true
949,A,10,true
950,A,10,true
951,A,10,true
952,A,10,true
953,A,10,true
954,A,10,true
955,A,10,true
956,A,10,true
957,A,10,true
958,A,10,true
959,A,10,true
960,A,10,true
961,A,10,true
962,A,10,true
963,A,10,true
964,A,10,true
965,A,10,true
966,A,10,true
967,A,10,true
968,A,10,true
969,A,10,true
970,A,10,true
971,A,10,true
972,A,10,true
973,A,10,true
974,A,10,true
975,A,10,true
976,A,10,true
977,A,10,true
978,A,10,true
979,A,10,true
980,A,10,true
981,A,10,true
982,A,10,true
983,A,10,true
984,A,10,true
985,A,10,true
986,A,10,true
987,A,10,true
988,A,10,true
989,A,10,true
990,A,10,true
991,A,10,true
992,A,10,true
993,A,10,true
994,A,10,true
995,A,10,true
996,A,10,true
997,A,10,true
998,A,10,true
999,A,10,true
1000,A,10,true
1001,A,10,true
1002,A,10,true
1003,A,10,true
1004,A,10,true
1005,A,10,true
1006,A,10,true
1007,A,10,true
1008,A,10,true
1009,A,10,true
1010,A,10,true
1011,A,10,true
1012,A,10,true
1013,A,10,true
1014,A,10,true
1015,A,10,true
1016,A,10,true
1017,A,10,true
1018,A,10,true
1019,A,10,true
1020,A,10,true
1021,A,10,true
1022,A,10,true
1023,A,10,true
1024,A,10,true
1025,B,20,false
1026,B,20,false
1027,B,20,false
1028,B,20,false
1029,B,20,false
1030,B,20,false
1031,B,20,false
1032,B,20,false
1033,B,20,false
1034,B,20,false
1035,B,20,false
1036,B,20,false
1037,B,20,false
1038,B,20,false
1039,B,20,false
1040,B,20,false
1041,B,20,false
1042,B,20,false
1043,B,20,false
1044,B,20,false
1045,B,20,false
1046,B,20,false
1047,B,20,false
1048,B,20,false
1049,B,20,false
1050,B,20,false
1051,B,20,false
1052,B,20,false
1053,B,20,false
1054,B,20,false
1055,B,20,false
1056,B,20,false
1057,B,20,false
1058,B,20,false
1059,B,20,false
1060,B,20,false
1061,B,20,false
1062,B,20,false
1063,B,20,false
1064,B,20,false
1065,B,20,false
1066,B,20,false
1067,B,20,false
1068,B,20,false
1069,B,20,false
1070,B,20,false
1071,B,20,false
1072,B,20,false
1073,B,20,false
1074,B,20,false
1075,B,20,false
1076,B,20,false
1077,B,20,false
1078,B,20,false
1079,B,20,false
1080,B,20,false
1081,B,20,false
1082,B,20,false
1083,B,20,false
1084,B,20,false
1085,B,20,false
1086,B,20,false
1087,B,20,false
1088,B,20,false
1089,B,20,false
1090,B,20,false
1091,B,20,false
1092,B,20,false
1093,B,20,false
1094,B,20,false
1095,B,20,false
1096,B,20,false
1097,B,20,false
1098,B,20,false
1099,B,20,false
1100,B,20,false
1101,B,20,false
1102,B,20,false
1103,B,20,false
1104,B,20,false
1105,B,20,false
1106,B,20,false
1107,B,20,false
1108,B,20,false
1109,B,20,false
1110,B,20,false
1111,B,20,false
1112,B,20,false
1113,B,20,false
1114,B,20,false
1115,B,20,false
1116,B,20,false
1117,B,20,false
1118,B,20,false
1119,B,20,false
1120,B,20,false
1121,B,20,false
1122,B,20,false
1123,B,20,false
1124,B,20,false
1125,B,20,false
1126,B,20,false
1127,B,20,false
1128,B,20,false
1129,B,20,false
1130,B,20,false
1131,B,20,false
1132,B,20,false
1133,B,20,false
1134,B,20,false
1135,B,20,false
1136,B,20,false
1137,B,20,false
1138,B,20,false
1139,B,20,false
1140,B,20,false
1141,B,20,false
1142,B,20,false
1143,B,20,false
1144,B,20,false
1145,B,20,false
1146,B,20,false
1147,B,20,false
1148,B,20,false
1149,B,20,false
1150,B,20,false
1151,B,20,false
1152,B,20,false
1153,B,20,false
1154,B,20,false
1155,B,20,false
1156,B,20,false
1157,B,20,false
1158,B,20,false
1159,B,20,false
1160,B,20,false
1161,B,20,false
1162,B,20,false
1163,B,20,false
1164,B,20,false
1165,B,20,false
1166,B,20,false
1167,B,20,false
1168,B,20,false
1169,B,20,false
1170,B,20,false
1171,B,20,false
1172,B,20,false
1173,B,20,false
1174,B,20,false
1175,B,20,false
1176,B,20,false
1177,B,20,false
1178,B,20,false
1179,B,20,false
1180,B,20,false
1181,B,20,false
1182,B,20,false
1183,B,20,false
1184,B,20,false
1185,B,20,false
1186,B,20,false
1187,B,20,false
1188,B,20,false
1189,B,20,false
1190,B,20,false
1191,B,20,false
1192,B,20,false
1193,B,20,false
1194,B,20,false
1195,B,20,false
1196,B,20,false
1197,B,20,false
1198,B,20,false
1199,B,20,false
1200,B,20,false
1201,B,20,false
1202,B,20,false
1203,B,20,false
1204,B,20,false
1205,B,20,false
1206,B,20,false
1207,B,20,false
1208,B,20,false
1209,B,20,false
1210,B,20,false
1211,B,20,false
1212,B,20,false
1213,B,20,false
1214,B,20,false
1215,B,20,false
1216,B,20,false
1217,B,20,false
1218,B,20,false
1219,B,20,false
1220,B,20,false
1221,B,20,false
1222,B,20,false
1223,B,20,false
1224,B,20,false
1225,B,20,false
1226,B,20,false
1227,B,20,false
1228,B,20,false
1229,B,20,false
1230,B,20,false
1231,B,20,false
1232,B,20,false
1233,B,20,false
1234,B,20,false
1235,B,20,false
1236,B,20,false
1237,B,20,false
1238,B,20,false
1239,B,20,false
1240,B,20,false
1241,B,20,false
1242,B,20,false
1243,B,20,false
1244,B,20,false
1245,B,20,false
1246,B,20,false
1247,B,20,false
1248,B,20,false
1249,B,20,false
1250,B,20,false
1251,B,20,false
1252,B,20,false
1253,B,20,false
1254,B,20,false
1255,B,20,false
1256,B,20,false
1257,B,20,false
1258,B,20,false
1259,B,20,false
1260,B,20,false
1261,B,20,false
1262,B,20,false
1263,B,20,false
1264,B,20,false
1265,B,20,false
1266,B,20,false
1267,B,20,false
1268,B,20,false
1269,B,20,false
1270,B,20,false
1271,B,20,false
1272,B,20,false
1273,B,20,false
1274,B,20,false
1275,B,20,false
1276,B,20,false
1277,B,20,false
1278,B,20,false
1279,B,20,false
1280,B,20,false
1281,B,20,false
1282,B,20,false
1283,B,20,false
1284,B,20,false
1285,B,20,false
1286,B,20,false
1287,B,20,false
1288,B,20,false
1289,B,20,false
1290,B,20,false
1291,B,20,false
1292,B,20,false
1293,B,20,false
1294,B,20,false
1295,B,20,false
1296,B,20,false
1297,B,20,false
1298,B,20,false
1299,B,20,false
1300,B,20,false
1301,B,20,false
1302,B,20,false
1303,B,20,false
1304,B,20,false
1305,B,20,false
1306,B,20,false
1307,B,20,false
1308,B,20,false
1309,B,20,false
1310,B,20,false
1311,B,20,false
1312,B,20,false
1313,B,20,false
1314,B,20,false
1315,B,20,false
1316,B,20,false
1317,B,20,false
1318,B,20,false
1319,B,20,false
1320,B,20,false
1321,B,20,false
1322,B,20,false
1323,B,20,false
1324,B,20,false
1325,B,20,false
1326,B,20,false
1327,B,20,false
1328,B,20,false
1329,B,20,false
1330,B,20,false
1331,B,20,false
1332,B,20,false
1333,B,20,false
1334,B,20,false
1335,B,20,false
1336,B,20,false
1337,B,20,false
1338,B,20,false
1339,B,20,false
1340,B,20,false
1341,B,20,false
1342,B,20,false
1343,B,20,false
1344,B,20,false
1345,B,20,false
1346,B,20,false
1347,B,20,false
1348,B,20,false
1349,B,20,false
1350,B,20,false
1351,B,20,false
1352,B,20,false
1353,B,20,false
1354,B,20,false
1355,B,20,false
1356,B,20,false
1357,B,20,false
1358,B,20,false
1359,B,20,false
1360,B,20,false
1361,B,20,false
1362,B,20,false
1363,B,20,false
1364,B,20,false
1365,B,20,false
1366,B,20,false
1367,B,20,false
1368,B,20,false
1369,B,20,false
1370,B,20,false
1371,B,20,false
1372,B,20,false
1373,B,20,false
1374,B,20,false
1375,B,20,false
1376,B,20,false
1377,B,20,false
1378,B,20,false
1379,B,20,false
1380,B,20,false
1381,B,20,false
1382,B,20,false
1383,B,20,false
1384,B,20,false
1385,B,20,false
1386,B,20,false
1387,B,20,false
1388,B,20,false
1389,B,20,false
1390,B,20,false
1391,B,20,false
1392,B,20,false
1393,B,20,false
1394,B,20,false
1395,B,20,false
1396,B,20,false
1397,B,20,false
1398,B,20,false
1399,B,20,false
1400,B,20,false
1401,B,20,false
1402,B,20,false
1403,B,20,false
1404,B,20,false
1405,B,20,false
1406,B,20,false
1407,B,20,false
1408,B,20,false
1409,B,20,false
1410,B,20,false
1411,B,20,false
1412,B,20,false
1413,B,20,false
1414,B,20,false
1415,B,20,false
1416,B,20,false
1417,B,20,false
1418,B,20,false
1419,B,20,false
1420,B,20,false
1421,B,20,false
1422,B,20,false
1423,B,20,false
1424,B,20,false
1425,B,20,false
1426,B,20,false
1427,B,20,false
1428,B,20,false
1429,B,20,false
1430,B,20,false
1431,B,20,false
1432,B,20,false
1433,B,20,false
1434,B,20,false
1435,B,20,false
1436,B,20,false
1437,B,20,false
1438,B,20,false
1439,B,20,false
1440,B,20,false
1441,B,20,false
1442,B,20,false
1443,B,20,false
1444,B,20,false
1445,B,20,false
1446,B,20,false
1447,B,20,false
1448,B,20,false
1449,B,20,false
1450,B,20,false
1451,B,20,false
1452,B,20,false
1453,B,20,false
1454,B,20,false
1455,B,20,false
1456,B,20,false
1457,B,20,false
1458,B,20,false
1459,B,20,false
1460,B,20,false
1461,B,20,false
1462,B,20,false
1463,B,20,false
1464,B,20,false
1465,B,20,false
1466,B,20,false
1467,B,20,false
1468,B,20,false
1469,B,20,false
1470,B,20,false
1471,B,20,false
1472,B,20,false
1473,B,20,false
1474,B,20,false
1475,B,20,false
1476,B,20,false
1477,B,20,false
1478,B,20,false
1479,B,20,false
1480,B,20,false
1481,B,20,false
1482,B,20,false
1483,B,20,false
1484,B,20,false
1485,B,20,false
1486,B,20,false
1487,B,20,false
1488,B,20,false
1489,B,20,false
1490,B,20,false
1491,B,20,false
1492,B,20,false
1493,B,20,false
1494,B,20,false
1495,B,20,false
1496,B,20,false
1497,B,20,false
1498,B,20,false
1499,B,20,false
1500,B,20,false
1501,B,20,false
1502,B,20,false
1503,B,20,false
1504,B,20,false
1505,B,20,false
1506,B,20,false
1507,B,20,false
1508,B,20,false
1509,B,20,false
1510,B,20,false
1511,B,20,false
1512,B,20,false
1513,B,20,false
1514,B,20,false
1515,B,20,false
1516,B,20,false
1517,B,20,false
1518,B,20,false
1519,B,20,false
1520,B,20,false
1521,B,20,false
1522,B,20,false
1523,B,20,false
1524,B,20,false
1525,B,20,false
1526,B,20,false
1527,B,20,false
1528,B,20,false
1529,B,20,false
1530,B,20,false
1531,B,20,false
1532,B,20,false
1533,B,20,false
1534,B,20,false
1535,B,20,false
1536,B,20,false
1537,B,20,false
1538,B,20,false
1539,B,20,false
1540,B,20,false
1541,B,20,false
1542,B,20,false
1543,B,20,false
1544,B,20,false
1545,B,20,false
1546,B,20,false
1547,B,20,false
1548,B,20,false
1549,B,20,false
1550,B,20,false
1551,B,20,false
1552,B,20,false
1553,B,20,false
1554,B,20,false
1555,B,20,false
1556,B,20,false
1557,B,20,false
1558,B,20,false
1559,B,20,false
1560,B,20,false
1561,B,20,false
1562,B,20,false
1563,B,20,false
1564,B,20,false
1565,B,20,false
1566,B,20,false
1567,B,20,false
1568,B,20,false
1569,B,20,false
1570,B,20,false
1571,B,20,false
1572,B,20,false
1573,B,20,false
1574,B,20,false
1575,B,20,false
1576,B,20,false
1577,B,20,false
1578,B,20,false
1579,B,20,false
1580,B,20,false
1581,B,20,false
1582,B,20,false
1583,B,20,false
1584,B,20,false
1585,B,20,false
1586,B,20,false
1587,B,20,false
1588,B,20,false
1589,B,20,false
1590,B,20,false
1591,B,20,false
1592,B,20,false
1593,B,20,false
1594,B,20,false
1595,B,20,false
1596,B,20,false
1597,B,20,false
1598,B,20,false
1599,B,20,false
1600,B,20,false
1601,B,20,false
1602,B,20,false
1603,B,20,false
1604,B,20,false
1605,B,20,false
1606,B,20,false
1607,B,20,false
1608,B,20,false
1609,B,20,false
1610,B,20,false
1611,B,20,false
1612,B,20,false
1613,B,20,false
1614,B,20,false
1615,B,20,false
1616,B,20,false
1617,B,20,false
1618,B,20,false
1619,B,20,false
1620,B,20,false
1621,B,20,false
1622,B,20,false
1623,B,20,false
1624,B,20,false
1625,B,20,false
1626,B,20,false
1627,B,20,false
1628,B,20,false
1629,B,20,false
1630,B,20,false
1631,B,20,false
1632,B,20,false
1633,B,20,false
1634,B,20,false
1635,B,20,false
1636,B,20,false
1637,B,20,false
1638,B,20,false
1639,B,20,false
1640,B,20,false
1641,B,20,false
1642,B,20,false
1643,B,20,false
1644,B,20,false
1645,B,20,false
1646,B,20,false
1647,B,20,false
1648,B,20,false
1649,B,20,false
1650,B,20,false
1651,B,20,false
1652,B,20,false
1653,B,20,false
1654,B,20,false
1655,B,20,false
1656,B,20,false
1657,B,20,false
1658,B,20,false
1659,B,20,false
1660,B,20,false
1661,B,20,false
1662,B,20,false
1663,B,20,false
1664,B,20,false
1665,B,20,false
1666,B,20,false
1667,B,20,false
1668,B,20,false
1669,B,20,false
1670,B,20,false
1671,B,20,false
1672,B,20,false
1673,B,20,false
1674,B,20,false
1675,B,20,false
1676,B,20,false
1677,B,20,false
1678,B,20,false
1679,B,20,false
1680,B,20,false
1681,B,20,false
1682,B,20,false
1683,B,20,false
1684,B,20,false
1685,B,20,false
1686,B,20,false
1687,B,20,false
1688,B,20,false
1689,B,20,false
1690,B,20,false
1691,B,20,false
1692,B,20,false
1693,B,20,false
1694,B,20,false
1695,B,20,false
1696,B,20,false
1697,B,20,false
1698,B,20,false
1699,B,20,false
1700,B,20,false
1701,B,20,false
1702,B,20,false
1703,B,20,false
1704,B,20,false
1705,B,20,false
1706,B,20,false
1707,B,20,false
1708,B,20,false
1709,B,20,false
1710,B,20,false
1711,B,20,false
1712,B,20,false
1713,B,20,false
1714,B,20,false
1715,B,20,false
1716,B,20,false
1717,B,20,false
1718,B,20,false
1719,B,20,false
1720,B,20,false
1721,B,20,false
1722,B,20,false
1723,B,20,false
1724,B,20,false
1725,B,20,false
1726,B,20,false
1727,B,20,false
1728,B,20,false
1729,B,20,false
1730,B,20,false
1731,B,20,false
1732,B,20,false
1733,B,20,false
1734,B,20,false
1735,B,20,false
1736,B,20,false
1737,B,20,false
1738,B,20,false
1739,B,20,false
1740,B,20,false
1741,B,20,false
1742,B,20,false
1743,B,20,false
1744,B,20,false
1745,B,20,false
1746,B,20,false
1747,B,20,false
1748,B,20,false
1749,B,20,false
1750,B,20,false
1751,B,20,false
1752,B,20,false
1753,B,20,false
1754,B,20,false
1755,B,20,false
1756,B,20,false
1757,B,20,false
1758,B,20,false
1759,B,20,false
1760,B,20,false
1761,B,20,false
1762,B,20,false
1763,B,20,false
1764,B,20,false
1765,B,20,false
1766,B,20,false
1767,B,20,false
1768,B,20,false
1769,B,20,false
1770,B,20,false
1771,B,20,false
1772,B,20,false
1773,B,20,false
1774,B,20,false
1775,B,20,false
1776,B,20,false
1777,B,20,false
1778,B,20,false
1779,B,20,false
1780,B,20,false
1781,B,20,false
1782,B,20,false
1783,B,20,false
1784,B,20,false
1785,B,20,false
1786,B,20,false
1787,B,20,false
1788,B,20,false
1789,B,20,false
1790,B,20,false
1791,B,20,false
1792,B,20,false
1793,B,20,false
1794,B,20,false
1795,B,20,false
1796,B,20,false
1797,B,20,false
1798,B,20,false
1799,B,20,false
1800,B,20,false
1801,B,20,false
1802,B,20,false
1803,B,20,false
1804,B,20,false
1805,B,20,false
1806,B,20,false
1807,B,20,false
1808,B,20,false
1809,B,20,false
1810,B,20,false
1811,B,20,false
1812,B,20,false
1813,B,20,false
1814,B,20,false
1815,B,20,false
1816,B,20,false
1817,B,20,false
1818,B,20,false
1819,B,20,false
1820,B,20,false
1821,B,20,false
1822,B,20,false
1823,B,20,false
1824,B,20,false
1825,B,20,false
1826,B,20,false
1827,B,20,false
1828,B,20,false
1829,B,20,false
1830,B,20,false
1831,B,20,false
1832,B,20,false
1833,B,20,false
1834,B,20,false
1835,B,20,false
1836,B,20,false
1837,B,20,false
1838,B,20,false
1839,B,20,false
1840,B,20,false
1841,B,20,false
1842,B,20,false
1843,B,20,false
1844,B,20,false
1845,B,20,false
1846,B,20,false
1847,B,20,false
1848,B,20,false
1849,B,20,false
1850,B,20,false
1851,B,20,false
1852,B,20,false
1853,B,20,false
1854,B,20,false
1855,B,20,false
1856,B,20,false
1857,B,20,false
1858,B,20,false
1859,B,20,false
1860,B,20,false
1861,B,20,false
1862,B,20,false
1863,B,20,false
1864,B,20,false
1865,B,20,false
1866,B,20,false
1867,B,20,false
1868,B,20,false
1869,B,20,false
1870,B,20,false
1871,B,20,false
1872,B,20,false
1873,B,20,false
1874,B,20,false
1875,B,20,false
1876,B,20,false
1877,B,20,false
1878,B,20,false
1879,B,20,false
1880,B,20,false
1881,B,20,false
1882,B,20,false
1883,B,20,false
1884,B,20,false
1885,B,20,false
1886,B,20,false
1887,B,20,false
1888,B,20,false
1889,B,20,false
1890,B,20,false
1891,B,20,false
1892,B,20,false
1893,B,20,false
1894,B,20,false
1895,B,20,false
1896,B,20,false
1897,B,20,false
1898,B,20,false
1899,B,20,false
1900,B,20,false
1901,B,20,false
1902,B,20,false
1903,B,20,false
1904,B,20,false
1905,B,20,false
1906,B,20,false
1907,B,20,false
1908,B,20,false
1909,B,20,false
1910,B,20,false
1911,B,20,false
1912,B,20,false
1913,B,20,false
1914,B,20,false
1915,B,20,false
1916,B,20,false
1917,B,20,false
1918,B,20,false
1919,B,20,false
1920,B,20,false
1921,B,20,false
1922,B,20,false
1923,B,20,false
1924,B,20,false
1925,B,20,false
1926,B,20,false
1927,B,20,false
1928,B,20,false
1929,B,20,false
1930,B,20,false
1931,B,20,false
1932,B,20,false
1933,B,20,false
1934,B,20,false
1935,B,20,false
1936,B,20,false
1937,B,20,false
1938,B,20,false
1939,B,20,false
1940,B,20,false
1941,B,20,false
1942,B,20,false
1943,B,20,false
1944,B,20,false
1945,B,20,false
1946,B,20,false
1947,B,20,false
1948,B,20,false
1949,B,20,false
1950,B,20,false
1951,B,20,false
1952,B,20,false
1953,B,20,false
1954,B,20,false
1955,B,20,false
1956,B,20,false
1957,B,20,false
1958,B,20,false
1959,B,20,false
1960,B,20,false
1961,B,20,false
1962,B,20,false
1963,B,20,false
1964,B,20,false
1965,B,20,false
1966,B,20,false
1967,B,20,false
1968,B,20,false
1969,B,20,false
1970,B,20,false
1971,B,20,false
1972,B,20,false
1973,B,20,false
1974,B,20,false
1975,B,20,false
1976,B,20,false
1977,B,20,false
1978,B,20,false
1979,B,20,false
1980,B,20,false
1981,B,20,false
1982,B,20,false
1983,B,20,false
1984,B,20,false
1985,B,20,false
1986,B,20,false
1987,B,20,false
1988,B,20,false
1989,B,20,false
1990,B,20,false
1991,B,20,false
1992,B,20,false
1993,B,20,false
1994,B,20,false
1995,B,20,false
1996,B,20,false
1997,B,20,false
1998,B,20,false
1999,B,20,false
2000,B,20,false
2001,B,20,false
2002,B,20,false
2003,B,20,false
2004,B,20,false
2005,B,20,false
2006,B,20,false
2007,B,20,false
2008,B,20,false
2009,B,20,false
2010,B,20,false
2011,B,20,false
2012,B,20,false
2013,B,20,false
2014,B,20,false
2015,B,20,false
2016,B,20,false
2017,B,20,false
2018,B,20,false
2019,B,20,false
2020,B,20,false
2021,B,20,false
2022,B,20,false
2023,B,20,false
2024,B,20,false
2025,B,20,false
2026,B,20,false
2027,B,20,false
2028,B,20,false
2029,B,20,false
2030,B,20,false
2031,B,20,false
2032,B,20,false
2033,B,20,false
2034,B,20,false
2035,B,20,false
2036,B,20,false
2037,B,20,false
2038,B,20,false
2039,B,20,false
2040,B,20,false
2041,B,20,false
2042,B,20,false
2043,B,20,false
2044,B,20,false
2045,B,20,false
2046,B,20,false
2047,B,20,false
2048,B,20,false
2049,A,10,true
2050,A,10,true
2051,A,10,true
2052,A,10,true
2053,A,10,true
2054,A,10,true
2055,A,10,true
2056,A,10,true
2057,A,10,true
2058,A,10,true
2059,A,10,true
2060,A,10,true
2061,A,10,true
2062,A,10,true
2063,A,10,true
2064,A,10,true
2065,A,10,true
2066,A,10,true
2067,A,10,true
2068,A,10,true
2069,A,10,true
2070,A,10,true
2071,A,10,true
2072,A,10,true
2073,A,10,true
2074,A,10,true
2075,A,10,true
2076,A,10,true
2077,A,10,true
2078,A,10,true
2079,A,10,true
2080,A,10,true
2081,A,10,true
2082,A,10,true
2083,A,10,true
2084,A,10,true
2085,A,10,true
2086,A,10,true
2087,A,10,true
2088,A,10,true
2089,A,10,true
2090,A,10,true
2091,A,10,true
2092,A,10,true
2093,A,10,true
2094,A,10,true
2095,A,10,true
2096,A,10,true
2097,A,10,true
2098,A,10,true
2099,A,10,true
2100,A,10,true
2101,A,10,true
2102,A,10,true
2103,A,10,true
2104,A,10,true
2105,A,10,true
2106,A,10,true
2107,A,10,true
2108,A,10,true
2109,A,10,true
2110,A,10,true
2111,A,10,true
2112,A,10,true
2113,A,10,true
2114,A,10,true
2115,A,10,true
2116,A,10,true
2117,A,10,true
2118,A,10,true
2119,A,10,true
2120,A,10,true
2121,A,10,true
2122,A,10,true
2123,A,10,true
2124,A,10,true
2125,A,10,true
2126,A,10,true
2127,A,10,true
2128,A,10,true
2129,A,10,true
2130,A,10,true
2131,A,10,true
2132,A,10,true
2133,A,10,true
2134,A,10,true
2135,A,10,true
2136,A,10,true
2137,A,10,true
2138,A,10,true
2139,A,10,true
2140,A,10,true
2141,A,10,true
2142,A,10,true
2143,A,10,true
2144,A,10,true
2145,A,10,true
2146,A,10,true
2147,A,10,true
2148,A,10,true
2149,A,10,true
2150,A,10,true
2151,A,10,true
2152,A,10,true
2153,A,10,true
2154,A,10,true
2155,A,10,true
2156,A,10,true
2157,A,10,true
2158,A,10,true
2159,A,10,true
2160,A,10,true
2161,A,10,true
2162,A,10,true
2163,A,10,true
2164,A,10,true
2165,A,10,true
2166,A,10,true
2167,A,10,true
2168,A,10,true
2169,A,10,true
2170,A,10,true
2171,A,10,true
2172,A,10,true
2173,A,10,true
2174,A,10,true
2175,A,10,true
2176,A,10,true
2177,A,10,true
2178,A,10,true
2179,A,10,true
2180,A,10,true
2181,A,10,true
2182,A,10,true
2183,A,10,true
2184,A,10,true
2185,A,10,true
2186,A,10,true
2187,A,10,true
2188,A,10,true
2189,A,10,true
2190,A,10,true
2191,A,10,true
2192,A,10,true
2193,A,10,true
2194,A,10,true
2195,A,10,true
2196,A,10,true
2197,A,10,true
2198,A,10,true
2199,A,10,true
2200,A,10,true
2201,A,10,true
2202,A,10,true
2203,A,10,true
2204,A,10,true
2205,A,10,true
2206,A,10,true
2207,A,10,true
2208,A,10,true
2209,A,10,true
2210,A,10,true
2211,A,10,true
2212,A,10,true
2213,A,10,true
2214,A,10,true
2215,A,10,true
2216,A,10,true
2217,A,10,true
2218,A,10,true
2219,A,10,true
2220,A,10,true
2221,A,10,true
2222,A,10,true
2223,A,10,true
2224,A,10,true
2225,A,10,true
2226,A,10,true
2227,A,10,true
2228,A,10,true
2229,A,10,true
2230,A,10,true
2231,A,10,true
2232,A,10,true
2233,A,10,true
2234,A,10,true
2235,A,10,true
2236,A,10,true
2237,A,10,true
2238,A,10,true
2239,A,10,true
2240,A,10,true
2241,A,10,true
2242,A,10,true
2243,A,10,true
2244,A,10,true
2245,A,10,true
2246,A,10,true
2247,A,10,true
2248,A,10,true
2249,A,10,true
2250,A,10,true
2251,A,10,true
2252,A,10,true
2253,A,10,true
2254,A,10,true
2255,A,10,true
2256,A,10,true
2257,A,10,true
2258,A,10,true
2259,A,10,true
2260,A,10,true
2261,A,10,true
2262,A,10,true
2263,A,10,true
2264,A,10,true
2265,A,10,true
2266,A,10,true
2267,A,10,true
2268,A,10,true
2269,A,10,true
2270,A,10,true
2271,A,10,true
2272,A,10,true
2273,A,10,true
2274,A,10,true
2275,A,10,true
2276,A,10,true
2277,A,10,true
2278,A,10,true
2279,A,10,true
2280,A,10,true
2281,A,10,true
2282,A,10,true
2283,A,10,true
2284,A,10,true
2285,A,10,true
2286,A,10,true
2287,A,10,true
2288,A,10,true
2289,A,10,true
2290,A,10,true
2291,A,10,true
2292,A,10,true
2293,A,10,true
2294,A,10,true
2295,A,10,true
2296,A,10,true
2297,A,10,true
2298,A,10,true
2299,A,10,true
2300,A,10,true
2301,A,10,true
2302,A,10,true
2303,A,10,true
2304,A,10,true
2305,A,10,true
2306,A,10,true
2307,A,10,true
2308,A,10,true
2309,A,10,true
2310,A,10,true
2311,A,10,true
2312,A,10,true
2313,A,10,true
2314,A,10,true
2315,A,10,true
2316,A,10,true
2317,A,10,true
2318,A,10,true
2319,A,10,true
2320,A,10,true
2321,A,10,true
2322,A,10,true
2323,A,10,true
2324,A,10,true
2325,A,10,true
2326,A,10,true
2327,A,10,true
2328,A,10,true
2329,A,10,true
2330,A,10,true
2331,A,10,true
2332,A,10,true
2333,A,10,true
2334,A,10,true
2335,A,10,true
2336,A,10,true
2337,A,10,true
2338,A,10,true
2339,A,10,true
2340,A,10,true
2341,A,10,true
2342,A,10,true
2343,A,10,true
2344,A,10,true
2345,A,10,true
2346,A,10,true
2347,A,10,true
2348,A,10,true
2349,A,10,true
2350,A,10,true
2351,A,10,true
2352,A,10,true
2353,A,10,true
2354,A,10,true
2355,A,10,true
2356,A,10,true
2357,A,10,true
2358,A,10,true
2359,A,10,true
2360,A,10,true
2361,A,10,true
2362,A,10,true
2363,A,10,true
2364,A,10,true
2365,A,10,true
2366,A,10,true
2367,A,10,true
2368,A,10,true
2369,A,10,true
2370,A,10,true
2371,A,10,true
2372,A,10,true
2373,A,10,true
2374,A,10,true
2375,A,10,true
2376,A,10,true
2377,A,10,true
2378,A,10,true
2379,A,10,true
2380,A,10,true
2381,A,10,true
2382,A,10,true
2383,A,10,true
2384,A,10,true
2385,A,10,true
2386,A,10,true
2387,A,10,true
2388,A,10,true
2389,A,10,true
2390,A,10,true
2391,A,10,true
2392,A,10,true
2393,A,10,true
2394,A,10,true
2395,A,10,true
2396,A,10,true
2397,A,10,true
2398,A,10,true
2399,A,10,true
2400,A,10,true
2401,A,10,true
2402,A,10,true
2403,A,10,true
2404,A,10,true
2405,A,10,true
2406,A,10,true
2407,A,10,true
2408,A,10,true
2409,A,10,true
2410,A,10,true
2411,A,10,true
2412,A,10,true
2413,A,10,true
2414,A,10,true
2415,A,10,true
2416,A,10,true
2417,A,10,true
2418,A,10,true
2419,A,10,true
2420,A,10,true
2421,A,10,true
2422,A,10,true
2423,A,10,true
2424,A,10,true
2425,A,10,true
2426,A,10,true
2427,A,10,true
2428,A,10,true
2429,A,10,true
2430,A,10,true
2431,A,10,true
2432,A,10,true
2433,A,10,true
2434,A,10,true
2435,A,10,true
2436,A,10,true
2437,A,10,true
2438,A,10,true
2439,A,10,true
2440,A,10,true
2441,A,10,true
2442,A,10,true
2443,A,10,true
2444,A,10,true
2445,A,10,true
2446,A,10,true
2447,A,10,true
2448,A,10,true
2449,A,10,true
2450,A,10,true
2451,A,10,true
2452,A,10,true
2453,A,10,true
2454,A,10,true
2455,A,10,true
2456,A,10,true
2457,A,10,true
2458,A,10,true
2459,A,10,true
2460,A,10,true
2461,A,10,true
2462,A,10,true
2463,A,10,true
2464,A,10,true
2465,A,10,true
2466,A,10,true
2467,A,10,true
2468,A,10,true
2469,A,10,true
2470,A,10,true
2471,A,10,true
2472,A,10,true
2473,A,10,true
2474,A,10,true
2475,A,10,true
2476,A,10,true
2477,A,10,true
2478,A,10,true
2479,A,10,true
2480,A,10,true
2481,A,10,true
2482,A,10,true
2483,A,10,true
2484,A,10,true
2485,A,10,true
2486,A,10,true
2487,A,10,true
2488,A,10,true
2489,A,10,true
2490,A,10,true
2491,A,10,true
2492,A,10,true
2493,A,10,true
2494,A,10,true
2495,A,10,true
2496,A,10,true
2497,A,10,true
2498,A,10,true
2499,A,10,true
2500,A,10,true
2501,A,10,true
2502,A,10,true
2503,A,10,true
2504,A,10,true
2505,A,10,true
2506,A,10,true
2507,A,10,true
2508,A,10,true
2509,A,10,true
2510,A,10,true
2511,A,10,true
2512,A,10,true
2513,A,10,true
2514,A,10,true
2515,A,10,true
2516,A,10,true
2517,A,10,true
2518,A,10,true
2519,A,10,true
2520,A,10,true
2521,A,10,true
2522,A,10,true
2523,A,10,true
2524,A,10,true
2525,A,10,true
2526,A,10,true
2527,A,10,true
2528,A,10,true
2529,A,10,true
2530,A,10,true
2531,A,10,true
2532,A,10,true
2533,A,10,true
2534,A,10,true
2535,A,10,true
2536,A,10,true
2537,A,10,true
2538,A,10,true
2539,A,10,true
2540,A,10,true
2541,A,10,true
2542,A,10,true
2543,A,10,true
2544,A,10,true
2545,A,10,true
2546,A,10,true
2547,A,10,true
2548,A,10,true
2549,A,10,true
2550,A,10,true
2551,A,10,true
2552,A,10,true
2553,A,10,true
2554,A,10,true
2555,A,10,true
2556,A,10,true
2557,A,10,true
2558,A,10,true
2559,A,10,true
2560,A,10,true
2561,A,10,true
2562,A,10,true
2563,A,10,true
2564,A,10,true
2565,A,10,true
2566,A,10,true
2567,A,10,true
2568,A,10,true
2569,A,10,true
2570,A,10,true
2571,A,10,true
2572,A,10,true
2573,A,10,true
2574,A,10,true
2575,A,10,true
2576,A,10,true
2577,A,10,true
2578,A,10,true
2579,A,10,true
2580,A,10,true
2581,A,10,true
2582,A,10,true
2583,A,10,true
2584,A,10,true
2585,A,10,true
2586,A,10,true
2587,A,10,true
2588,A,10,true
2589,A,10,true
2590,A,10,true
2591,A,10,true
2592,A,10,true
2593,A,10,true
2594,A,10,true
2595,A,10,true
2596,A,10,true
2597,A,10,true
2598,A,10,true
2599,A,10,true
2600,A,10,true
2601,A,10,true
2602,A,10,true
2603,A,10,true
2604,A,10,true
2605,A,10,true
2606,A,10,true
2607,A,10,true
2608,A,10,true
2609,A,10,true
2610,A,10,true
2611,A,10,true
2612,A,10,true
2613,A,10,true
2614,A,10,true
2615,A,10,true
2616,A,10,true
2617,A,10,true
2618,A,10,true
2619,A,10,true
2620,A,10,true
2621,A,10,true
2622,A,10,true
2623,A,10,true
2624,A,10,true
2625,A,10,true
2626,A,10,true
2627,A,10,true
2628,A,10,true
2629,A,10,true
2630,A,10,true
2631,A,10,true
2632,A,10,true
2633,A,10,true
2634,A,10,true
2635,A,10,true
2636,A,10,true
2637,A,10,true
2638,A,10,true
2639,A,10,true
2640,A,10,true
2641,A,10,true
2642,A,10,true
2643,A,10,true
2644,A,10,true
2645,A,10,true
2646,A,10,true
2647,A,10,true
2648,A,10,true
2649,A,10,true
2650,A,10,true
2651,A,10,true
2652,A,10,true
2653,A,10,true
2654,A,10,true
2655,A,10,true
2656,A,10,true
2657,A,10,true
2658,A,10,true
2659,A,10,true
2660,A,10,true
2661,A,10,true
2662,A,10,true
2663,A,10,true
2664,A,10,true
2665,A,10,true
2666,A,10,true
2667,A,10,true
2668,A,10,true
2669,A,10,true
2670,A,10,true
2671,A,10,true
2672,A,10,true
2673,A,10,true
2674,A,10,true
2675,A,10,true
2676,A,10,true
2677,A,10,true
2678,A,10,true
2679,A,10,true
2680,A,10,true
2681,A,10,true
2682,A,10,true
2683,A,10,true
2684,A,10,true
2685,A,10,true
2686,A,10,true
2687,A,10,true
2688,A,10,true
2689,A,10,true
2690,A,10,true
2691,A,10,true
2692,A,10,true
2693,A,10,true
2694,A,10,true
2695,A,10,true
2696,A,10,true
2697,A,10,true
2698,A,10,true
2699,A,10,true
2700,A,10,true
2701,A,10,true
2702,A,10,true
2703,A,10,true
2704,A,10,true
2705,A,10,true
2706,A,10,true
2707,A,10,true
2708,A,10,true
2709,A,10,true
2710,A,10,true
2711,A,10,true
2712,A,10,true
2713,A,10,true
2714,A,10,true
2715,A,10,true
2716,A,10,true
2717,A,10,true
2718,A,10,true
2719,A,10,true
2720,A,10,true
2721,A,10,true
2722,A,10,true
2723,A,10,true
2724,A,10,true
2725,A,10,true
2726,A,10,true
2727,A,10,true
2728,A,10,true
2729,A,10,true
2730,A,10,true
2731,A,10,true
2732,A,10,true
2733,A,10,true
2734,A,10,true
2735,A,10,true
2736,A,10,true
2737,A,10,true
2738,A,10,true
2739,A,10,true
2740,A,10,true
2741,A,10,true
2742,A,10,true
2743,A,10,true
2744,A,10,true
2745,A,10,true
2746,A,10,true
2747,A,10,true
2748,A,10,true
2749,A,10,true
2750,A,10,true
2751,A,10,true
2752,A,10,true
2753,A,10,true
2754,A,10,true
2755,A,10,true
2756,A,10,true
2757,A,10,true
2758,A,10,true
2759,A,10,true
2760,A,10,true
2761,A,10,true
2762,A,10,true
2763,A,10,true
2764,A,10,true
2765,A,10,true
2766,A,10,true
2767,A,10,true
2768,A,10,true
2769,A,10,true
2770,A,10,true
2771,A,10,true
2772,A,10,true
2773,A,10,true
2774,A,10,true
2775,A,10,true
2776,A,10,true
2777,A,10,true
2778,A,10,true
2779,A,10,true
2780,A,10,true
2781,A,10,true
2782,A,10,true
2783,A,10,true
2784,A,10,true
2785,A,10,true
2786,A,10,true
2787,A,10,true
2788,A,10,true
2789,A,10,true
2790,A,10,true
2791,A,10,true
2792,A,10,true
2793,A,10,true
2794,A,10,true
2795,A,10,true
2796,A,10,true
2797,A,10,true
2798,A,10,true
2799,A,10,true
2800,A,10,true
2801,A,10,true
2802,A,10,true
2803,A,10,true
2804,A,10,true
2805,A,10,true
2806,A,10,true
2807,A,10,true
2808,A,10,true
2809,A,10,true
2810,A,10,true
2811,A,10,true
2812,A,10,true
2813,A,10,true
2814,A,10,true
2815,A,10,true
2816,A,10,true
2817,A,10,true
2818,A,10,true
2819,A,10,true
2820,A,10,true
2821,A,10,true
2822,A,10,true
2823,A,10,true
2824,A,10,true
2825,A,10,true
2826,A,10,true
2827,A,10,true
2828,A,10,true
2829,A,10,true
2830,A,10,true
2831,A,10,true
2832,A,10,true
2833,A,10,true
2834,A,10,true
2835,A,10,true
2836,A,10,true
2837,A,10,true
2838,A,10,true
2839,A,10,true
2840,A,10,true
2841,A,10,true
2842,A,10,true
2843,A,10,true
2844,A,10,true
2845,A,10,true
2846,A,10,true
2847,A,10,true
2848,A,10,true
2849,A,10,true
2850,A,10,true
2851,A,10,true
2852,A,10,true
2853,A,10,true
2854,A,10,true
2855,A,10,true
2856,A,10,true
2857,A,10,true
2858,A,10,true
2859,A,10,true
2860,A,10,true
2861,A,10,true
2862,A,10,true
2863,A,10,true
2864,A,10,true
2865,A,10,true
2866,A,10,true
2867,A,10,true
2868,A,10,true
2869,A,10,true
2870,A,10,true
2871,A,10,true
2872,A,10,true
2873,A,10,true
2874,A,10,true
2875,A,10,true
2876,A,10,true
2877,A,10,true
2878,A,10,true
2879,A,10,true
2880,A,10,true
2881,A,10,true
2882,A,10,true
2883,A,10,true
2884,A,10,true
2885,A,10,true
2886,A,10,true
2887,A,10,true
2888,A,10,true
2889,A,10,true
2890,A,10,true
2891,A,10,true
2892,A,10,true
2893,A,10,true
2894,A,10,true
2895,A,10,true
2896,A,10,true
2897,A,10,true
2898,A,10,true
2899,A,10,true
2900,A,10,true
2901,A,10,true
2902,A,10,true
2903,A,10,true
2904,A,10,true
2905,A,10,true
2906,A,10,true
2907,A,10,true
2908,A,10,true
2909,A,10,true
2910,A,10,true
2911,A,10,true
2912,A,10,true
2913,A,10,true
2914,A,10,true
2915,A,10,true
2916,A,10,true
2917,A,10,true
2918,A,10,true
2919,A,10,true
2920,A,10,true
2921,A,10,true
2922,A,10,true
2923,A,10,true
2924,A,10,true
2925,A,10,true
2926,A,10,true
2927,A,10,true
2928,A,10,true
2929,A,10,true
2930,A,10,true
2931,A,10,true
2932,A,10,true
2933,A,10,true
2934,A,10,true
2935,A,10,true
2936,A,10,true
2937,A,10,true
2938,A,10,true
2939,A,10,true
2940,A,10,true
2941,A,10,true
2942,A,10,true
2943,A,10,true
2944,A,10,true
2945,A,10,true
2946,A,10,true
2947,A,10,true
2948,A,10,true
2949,A,10,true
2950,A,10,true
2951,A,10,true
2952,A,10,true
2953,A,10,true
2954,A,10,true
2955,A,10,true
2956,A,10,true
2957,A,10,true
2958,A,10,true
2959,A,10,true
2960,A,10,true
2961,A,10,true
2962,A,10,true
2963,A,10,true
2964,A,10,true
2965,A,10,true
2966,A,10,true
2967,A,10,true
2968,A,10,true
2969,A,10,true
2970,A,10,true
2971,A,10,true
2972,A,10,true
2973,A,10,true
2974,A,10,true
2975,A,10,true
2976,A,10,true
2977,A,10,true
2978,A,10,true
2979,A,10,true
2980,A,10,true
2981,A,10,true
2982,A,10,true
2983,A,10,true
2984,A,10,true
2985,A,10,true
2986,A,10,true
2987,A,10,true
2988,A,10,true
2989,A,10,true
2990,A,10,true
2991,A,10,true
2992,A,10,true
2993,A,10,true
2994,A,10,true
2995,A,10,true
2996,A,10,true
2997,A,10,true
2998,A,10,true
2999,A,10,true
3000,A,10,true
3001,A,10,true
3002,A,10,true
3003,A,10,true
3004,A,10,true
3005,A,10,true
3006,A,10,true
3007,A,10,true
3008,A,10,true
3009,A,10,true
3010,A,10,true
3011,A,10,true
3012,A,10,true
3013,A,10,true
3014,A,10,true
3015,A,10,true
3016,A,10,true
3017,A,10,true
3018,A,10,true
3019,A,10,true
3020,A,10,true
3021,A,10,true
3022,A,10,true
3023,A,10,true
3024,A,10,true
3025,A,10,true
3026,A,10,true
3027,A,10,true
3028,A,10,true
3029,A,10,true
3030,A,10,true
3031,A,10,true
3032,A,10,true
3033,A,10,true
3034,A,10,true
3035,A,10,true
3036,A,10,true
3037,A,10,true
3038,A,10,true
3039,A,10,true
3040,A,10,true
3041,A,10,true
3042,A,10,true
3043,A,10,true
3044,A,10,true
3045,A,10,true
3046,A,10,true
3047,A,10,true
3048,A,10,true
3049,A,10,true
3050,A,10,true
3051,A,10,true
3052,A,10,true
3053,A,10,true
3054,A,10,true
3055,A,10,true
3056,A,10,true
3057,A,10,true
3058,A,10,true
3059,A,10,true
3060,A,10,true
3061,A,10,true
3062,A,10,true
3063,A,10,true
3064,A,10,true
3065,A,10,true
3066,A,10,true
3067,A,10,true
3068,A,10,true
3069,A,10,true
3070,A,10,true
3071,A,10,true
3072,A,10,true
3073,C,30,true
3074,C,30,true
3075,C,30,true
3076,C,30,true
3077,C,30,true
3078,C,30,true
3079,C,30,true
3080,C,30,true
3081,C,30,true
3082,C,30,true
3083,C,30,true
3084,C,30,true
3085,C,30,true
3086,C,30,true
3087,C,30,true
3088,C,30,true
3089,C,30,true
3090,C,30,true
3091,C,30,true
3092,C,30,true
3093,C,30,true
3094,C,30,true
3095,C,30,true
3096,C,30,true
3097,C,30,true
3098,C,30,true
3099,C,30,true
3100,C,30,true
3101,C,30,true
3102,C,30,true
3103,C,30,true
3104,C,30,true
3105,C,30,true
3106,C,30,true
3107,C,30,true
3108,C,30,true
3109,C,30,true
3110,C,30,true
3111,C,30,true
3112,C,30,true
3113,C,30,true
3114,C,30,true
3115,C,30,true
3116,C,30,true
3117,C,30,true
3118,C,30,true
3119,C,30,true
3120,C,30,true
3121,C,30,true
3122,C,30,true
3123,C,30,true
3124,C,30,true
3125,C,30,true
3126,C,30,true
3127,C,30,true
3128,C,30,true
3129,C,30,true
3130,C,30,true
3131,C,30,true
3132,C,30,true
3133,C,30,true
3134,C,30,true
3135,C,30,true
3136,C,30,true
3137,C,30,true
3138,C,30,true
3139,C,30,true
3140,C,30,true
3141,C,30,true
3142,C,30,true
3143,C,30,true
3144,C,30,true
3145,C,30,true
3146,C,30,true
3147,C,30,true
3148,C,30,true
3149,C,30,true
3150,C,30,true
3151,C,30,true
3152,C,30,true
3153,C,30,true
3154,C,30,true
3155,C,30,true
3156,C,30,true
3157,C,30,true
3158,C,30,true
3159,C,30,true
3160,C,30,true
3161,C,30,true
3162,C,30,true
3163,C,30,true
3164,C,30,true
3165,C,30,true
3166,C,30,true
3167,C,30,true
3168,C,30,true
3169,C,30,true
3170,C,30,true
3171,C,30,true
3172,C,30,true
3173,C,30,true
3174,C,30,true
3175,C,30,true
3176,C,30,true
3177,C,30,true
3178,C,30,true
3179,C,30,true
3180,C,30,true
3181,C,30,true
3182,C,30,true
3183,C,30,true
3184,C,30,true
3185,C,30,true
3186,C,30,true
3187,C,30,true
3188,C,30,true
3189,C,30,true
3190,C,30,true
3191,C,30,true
3192,C,30,true
3193,C,30,true
3194,C,30,true
3195,C,30,true
3196,C,30,true
3197,C,30,true
3198,C,30,true
3199,C,30,true
3200,C,30,true
3201,C,30,true
3202,C,30,true
3203,C,30,true
3204,C,30,true
3205,C,30,true
3206,C,30,true
3207,C,30,true
3208,C,30,true
3209,C,30,true
3210,C,30,true
3211,C,30,true
3212,C,30,true
3213,C,30,true
3214,C,30,true
3215,C,30,true
3216,C,30,true
3217,C,30,true
3218,C,30,true
3219,C,30,true
3220,C,30,true
3221,C,30,true
3222,C,30,true
3223,C,30,true
3224,C,30,true
3225,C,30,true
3226,C,30,true
3227,C,30,true
3228,C,30,true
3229,C,30,true
3230,C,30,true
3231,C,30,true
3232,C,30,true
3233,C,30,true
3234,C,30,true
3235,C,30,true
3236,C,30,true
3237,C,30,true
3238,C,30,true
3239,C,30,true
3240,C,30,true
3241,C,30,true
3242,C,30,true
3243,C,30,true
3244,C,30,true
3245,C,30,true
3246,C,30,true
3247,C,30,true
3248,C,30,true
3249,C,30,true
3250,C,30,true
3251,C,30,true
3252,C,30,true
3253,C,30,true
3254,C,30,true
3255,C,30,true
3256,C,30,true
3257,C,30,true
3258,C,30,true
3259,C,30,true
3260,C,30,true
3261,C,30,true
3262,C,30,true
3263,C,30,true
3264,C,30,true
3265,C,30,true
3266,C,30,true
3267,C,30,true
3268,C,30,true
3269,C,30,true
3270,C,30,true
3271,C,30,true
3272,C,30,true
3273,C,30,true
3274,C,30,true
3275,C,30,true
3276,C,30,true
3277,C,30,true
3278,C,30,true
3279,C,30,true
3280,C,30,true
3281,C,30,true
3282,C,30,true
3283,C,30,true
3284,C,30,true
3285,C,30,true
3286,C,30,true
3287,C,30,true
3288,C,30,true
3289,C,30,true
3290,C,30,true
3291,C,30,true
3292,C,30,true
3293,C,30,true
3294,C,30,true
3295,C,30,true
3296,C,30,true
3297,C,30,true
3298,C,30,true
3299,C,30,true
3300,C,30,true
3301,C,30,true
3302,C,30,true
3303,C,30,true
3304,C,30,true
3305,C,30,true
3306,C,30,true
3307,C,30,true
3308,C,30,true
3309,C,30,true
3310,C,30,true
3311,C,30,true
3312,C,30,true
3313,C,30,true
3314,C,30,true
3315,C,30,true
3316,C,30,true
3317,C,30,true
3318,C,30,true
3319,C,30,true
3320,C,30,true
3321,C,30,true
3322,C,30,true
3323,C,30,true
3324,C,30,true
3325,C,30,true
3326,C,30,true
3327,C,30,true
3328,C,30,true
3329,C,30,true
3330,C,30,true
3331,C,30,true
3332,C,30,true
3333,C,30,true
3334,C,30,true
3335,C,30,true
3336,C,30,true
3337,C,30,true
3338,C,30,true
3339,C,30,true
3340,C,30,true
3341,C,30,true
3342,C,30,true
3343,C,30,true
3344,C,30,true
3345,C,30,true
3346,C,30,true
3347,C,30,true
3348,C,30,true
3349,C,30,true
3350,C,30,true
3351,C,30,true
3352,C,30,true
3353,C,30,true
3354,C,30,true
3355,C,30,true
3356,C,30,true
3357,C,30,true
3358,C,30,true
3359,C,30,true
3360,C,30,true
3361,C,30,true
3362,C,30,true
3363,C,30,true
3364,C,30,true
3365,C,30,true
3366,C,30,true
3367,C,30,true
3368,C,30,true
3369,C,30,true
3370,C,30,true
3371,C,30,true
3372,C,30,true
3373,C,30,true
3374,C,30,true
3375,C,30,true
3376,C,30,true
3377,C,30,true
3378,C,30,true
3379,C,30,true
3380,C,30,true
3381,C,30,true
3382,C,30,true
3383,C,30,true
3384,C,30,true
3385,C,30,true
3386,C,30,true
3387,C,30,true
3388,C,30,true
3389,C,30,true
3390,C,30,true
3391,C,30,true
3392,C,30,true
3393,C,30,true
3394,C,30,true
3395,C,30,true
3396,C,30,true
3397,C,30,true
3398,C,30,true
3399,C,30,true
3400,C,30,true
3401,C,30,true
3402,C,30,true
3403,C,30,true
3404,C,30,true
3405,C,30,true
3406,C,30,true
3407,C,30,true
3408,C,30,true
3409,C,30,true
3410,C,30,true
3411,C,30,true
3412,C,30,true
3413,C,30,true
3414,C,30,true
3415,C,30,true
3416,C,30,true
3417,C,30,true
3418,C,30,true
3419,C,30,true
3420,C,30,true
3421,C,30,true
3422,C,30,true
3423,C,30,true
3424,C,30,true
3425,C,30,true
3426,C,30,true
3427,C,30,true
3428,C,30,true
3429,C,30,true
3430,C,30,true
3431,C,30,true
3432,C,30,true
3433,C,30,true
3434,C,30,true
3435,C,30,true
3436,C,30,true
3437,C,30,true
3438,C,30,true
3439,C,30,true
3440,C,30,true
3441,C,30,true
3442,C,30,true
3443,C,30,true
3444,C,30,true
3445,C,30,true
3446,C,30,true
3447,C,30,true
3448,C,30,true
3449,C,30,true
3450,C,30,true
3451,C,30,true
3452,C,30,true
3453,C,30,true
3454,C,30,true
3455,C,30,true
3456,C,30,true
3457,C,30,true
3458,C,30,true
3459,C,30,true
3460,C,30,true
3461,C,30,true
3462,C,30,true
3463,C,30,true
3464,C,30,true
3465,C,30,true
3466,C,30,true
3467,C,30,true
3468,C,30,true
3469,C,30,true
3470,C,30,true
3471,C,30,true
3472,C,30,true
3473,C,30,true
3474,C,30,true
3475,C,30,true
3476,C,30,true
3477,C,30,true
3478,C,30,true
3479,C,30,true
3480,C,30,true
3481,C,30,true
3482,C,30,true
3483,C,30,true
3484,C,30,true
3485,C,30,true
3486,C,30,true
3487,C,30,true
3488,C,30,true
3489,C,30,true
3490,C,30,true
3491,C,30,true
3492,C,30,true
3493,C,30,true
3494,C,30,true
3495,C,30,true
3496,C,30,true
3497,C,30,true
3498,C,30,true
3499,C,30,true
3500,C,30,true
3501,C,30,true
3502,C,30,true
3503,C,30,true
3504,C,30,true
3505,C,30,true
3506,C,30,true
3507,C,30,true
3508,C,30,true
3509,C,30,true
3510,C,30,true
3511,C,30,true
3512,C,30,true
3513,C,30,true
3514,C,30,true
3515,C,30,true
3516,C,30,true
3517,C,30,true
3518,C,30,true
3519,C,30,true
3520,C,30,true
3521,C,30,true
3522,C,30,true
3523,C,30,true
3524,C,30,true
3525,C,30,true
3526,C,30,true
3527,C,30,true
3528,C,30,true
3529,C,30,true
3530,C,30,true
3531,C,30,true
3532,C,30,true
3533,C,30,true
3534,C,30,true
3535,C,30,true
3536,C,30,true
3537,C,30,true
3538,C,30,true
3539,C,30,true
3540,C,30,true
3541,C,30,true
3542,C,30,true
3543,C,30,true
3544,C,30,true
3545,C,30,true
3546,C,30,true
3547,C,30,true
3548,C,30,true
3549,C,30,true
3550,C,30,true
3551,C,30,true
3552,C,30,true
3553,C,30,true
3554,C,30,true
3555,C,30,true
3556,C,30,true
3557,C,30,true
3558,C,30,true
3559,C,30,true
3560,C,30,true
3561,C,30,true
3562,C,30,true
3563,C,30,true
3564,C,30,true
3565,C,30,true
3566,C,30,true
3567,C,30,true
3568,C,30,true
3569,C,30,true
3570,C,30,true
3571,C,30,true
3572,C,30,true
3573,C,30,true
3574,C,30,true
3575,C,30,true
3576,C,30,true
3577,C,30,true
3578,C,30,true
3579,C,30,true
3580,C,30,true
3581,C,30,true
3582,C,30,true
3583,C,30,true
3584,C,30,true
3585,C,30,true
3586,C,30,true
3587,C,30,true
3588,C,30,true
3589,C,30,true
3590,C,30,true
3591,C,30,true
3592,C,30,true
3593,C,30,true
3594,C,30,true
3595,C,30,true
3596,C,30,true
3597,C,30,true
3598,C,30,true
3599,C,30,true
3600,C,30,true
3601,C,30,true
3602,C,30,true
3603,C,30,true
3604,C,30,true
3605,C,30,true
3606,C,30,true
3607,C,30,true
3608,C,30,true
3609,C,30,true
3610,C,30,true
3611,C,30,true
3612,C,30,true
3613,C,30,true
3614,C,30,true
3615,C,30,true
3616,C,30,true
3617,C,30,true
3618,C,30,true
3619,C,30,true
3620,C,30,true
3621,C,30,true
3622,C,30,true
3623,C,30,true
3624,C,30,true
3625,C,30,true
3626,C,30,true
3627,C,30,true
3628,C,30,true
3629,C,30,true
3630,C,30,true
3631,C,30,true
3632,C,30,true
3633,C,30,true
3634,C,30,true
3635,C,30,true
3636,C,30,true
3637,C,30,true
3638,C,30,true
3639,C,30,true
3640,C,30,true
3641,C,30,true
3642,C,30,true
3643,C,30,true
3644,C,30,true
3645,C,30,true
3646,C,30,true
3647,C,30,true
3648,C,30,true
3649,C,30,true
3650,C,30,true
3651,C,30,true
3652,C,30,true
3653,C,30,true
3654,C,30,true
3655,C,30,true
3656,C,30,true
3657,C,30,true
3658,C,30,true
3659,C,30,true
3660,C,30,true
3661,C,30,true
3662,C,30,true
3663,C,30,true
3664,C,30,true
3665,C,30,true
3666,C,30,true
3667,C,30,true
3668,C,30,true
3669,C,30,true
3670,C,30,true
3671,C,30,true
3672,C,30,true
3673,C,30,true
3674,C,30,true
3675,C,30,true
3676,C,30,true
3677,C,30,true
3678,C,30,true
3679,C,30,true
3680,C,30,true
3681,C,30,true
3682,C,30,true
3683,C,30,true
3684,C,30,true
3685,C,30,true
3686,C,30,true
3687,C,30,true
3688,C,30,true
3689,C,30,true
3690,C,30,true
3691,C,30,true
3692,C,30,true
3693,C,30,true
3694,C,30,true
3695,C,30,true
3696,C,30,true
3697,C,30,true
3698,C,30,true
3699,C,30,true
3700,C,30,true
3701,C,30,true
3702,C,30,true
3703,C,30,true
3704,C,30,true
3705,C,30,true
3706,C,30,true
3707,C,30,true
3708,C,30,true
3709,C,30,true
3710,C,30,true
3711,C,30,true
3712,C,30,true
3713,C,30,true
3714,C,30,true
3715,C,30,true
3716,C,30,true
3717,C,30,true
3718,C,30,true
3719,C,30,true
3720,C,30,true
3721,C,30,true
3722,C,30,true
3723,C,30,true
3724,C,30,true
3725,C,30,true
3726,C,30,true
3727,C,30,true
3728,C,30,true
3729,C,30,true
3730,C,30,true
3731,C,30,true
3732,C,30,true
3733,C,30,true
3734,C,30,true
3735,C,30,true
3736,C,30,true
3737,C,30,true
3738,C,30,true
3739,C,30,true
3740,C,30,true
3741,C,30,true
3742,C,30,true
3743,C,30,true
3744,C,30,true
3745,C,30,true
3746,C,30,true
3747,C,30,true
3748,C,30,true
3749,C,30,true
3750,C,30,true
3751,C,30,true
3752,C,30,true
3753,C,30,true
3754,C,30,true
3755,C,30,true
3756,C,30,true
3757,C,30,true
3758,C,30,true
3759,C,30,true
3760,C,30,true
3761,C,30,true
3762,C,30,true
3763,C,30,true
3764,C,30,true
3765,C,30,true
3766,C,30,true
3767,C,30,true
3768,C,30,true
3769,C,30,true
3770,C,30,true
3771,C,30,true
3772,C,30,true
3773,C,30,true
3774,C,30,true
3775,C,30,true
3776,C,30,true
3777,C,30,true
3778,C,30,true
3779,C,30,true
3780,C,30,true
3781,C,30,true
3782,C,30,true
3783,C,30,true
3784,C,30,true
3785,C,30,true
3786,C,30,true
3787,C,30,true
3788,C,30,true
3789,C,30,true
3790,C,30,true
3791,C,30,true
3792,C,30,true
3793,C,30,true
3794,C,30,true
3795,C,30,true
3796,C,30,true
3797,C,30,true
3798,C,30,true
3799,C,30,true
3800,C,30,true
3801,C,30,true
3802,C,30,true
3803,C,30,true
3804,C,30,true
3805,C,30,true
3806,C,30,true
3807,C,30,true
3808,C,30,true
3809,C,30,true
3810,C,30,true
3811,C,30,true
3812,C,30,true
3813,C,30,true
3814,C,30,true
3815,C,30,true
3816,C,30,true
3817,C,30,true
3818,C,30,true
3819,C,30,true
3820,C,30,true
3821,C,30,true
3822,C,30,true
3823,C,30,true
3824,C,30,true
3825,C,30,true
3826,C,30,true
3827,C,30,true
3828,C,30,true
3829,C,30,true
3830,C,30,true
3831,C,30,true
3832,C,30,true
3833,C,30,true
3834,C,30,true
3835,C,30,true
3836,C,30,true
3837,C,30,true
3838,C,30,true
3839,C,30,true
3840,C,30,true
3841,C,30,true
3842,C,30,true
3843,C,30,true
3844,C,30,true
3845,C,30,true
3846,C,30,true
3847,C,30,true
3848,C,30,true
3849,C,30,true
3850,C,30,true
3851,C,30,true
3852,C,30,true
3853,C,30,true
3854,C,30,true
3855,C,30,true
3856,C,30,true
3857,C,30,true
3858,C,30,true
3859,C,30,true
3860,C,30,true
3861,C,30,true
3862,C,30,true
3863,C,30,true
3864,C,30,true
3865,C,30,true
3866,C,30,true
3867,C,30,true
3868,C,30,true
3869,C,30,true
3870,C,30,true
3871,C,30,true
3872,C,30,true
3873,C,30,true
3874,C,30,true
3875,C,30,true
3876,C,30,true
3877,C,30,true
3878,C,30,true
3879,C,30,true
3880,C,30,true
3881,C,30,true
3882,C,30,true
3883,C,30,true
3884,C,30,true
3885,C,30,true
3886,C,30,true
3887,C,30,true
3888,C,30,true
3889,C,30,true
3890,C,30,true
3891,C,30,true
3892,C,30,true
3893,C,30,true
3894,C,30,true
3895,C,30,true
3896,C,30,true
3897,C,30,true
3898,C,30,true
3899,C,30,true
3900,C,30,true
3901,C,30,true
3902,C,30,true
3903,C,30,true
3904,C,30,true
3905,C,30,true
3906,C,30,true
3907,C,30,true
3908,C,30,true
3909,C,30,true
3910,C,30,true
3911,C,30,true
3912,C,30,true
3913,C,30,true
3914,C,30,true
3915,C,30,true
3916,C,30,true
3917,C,30,true
3918,C,30,true
3919,C,30,true
3920,C,30,true
3921,C,30,true
3922,C,30,true
3923,C,30,true
3924,C,30,true
3925,C,30,true
3926,C,30,true
3927,C,30,true
3928,C,30,true
3929,C,30,true
3930,C,30,true
3931,C,30,true
3932,C,30,true
3933,C,30,true
3934,C,30,true
3935,C,30,true
3936,C,30,true
3937,C,30,true
3938,C,30,true
3939,C,30,true
3940,C,30,true
3941,C,30,true
3942,C,30,true
3943,C,30,true
3944,C,30,true
3945,C,30,true
3946,C,30,true
3947,C,30,true
3948,C,30,true
3949,C,30,true
3950,C,30,true
3951,C,30,true
3952,C,30,true
3953,C,30,true
3954,C,30,true
3955,C,30,true
3956,C,30,true
3957,C,30,true
3958,C,30,true
3959,C,30,true
3960,C,30,true
3961,C,30,true
3962,C,30,true
3963,C,30,true
3964,C,30,true
3965,C,30,true
3966,C,30,true
3967,C,30,true
3968,C,30,true
3969,C,30,true
3970,C,30,true
3971,C,30,true
3972,C,30,true
3973,C,30,true
3974,C,30,true
3975,C,30,true
3976,C,30,true
3977,C,30,true
3978,C,30,true
3979,C,30,true
3980,C,30,true
3981,C,30,true
3982,C,30,true
3983,C,30,true
3984,C,30,true
3985,C,30,true
3986,C,30,true
3987,C,30,true
3988,C,30,true
3989,C,30,true
3990,C,30,true
3991,C,30,true
3992,C,30,true
3993,C,30,true
3994,C,30,true
3995,C,30,true
3996,C,30,true
3997,C,30,true
3998,C,30,true
3999,C,30,true
4000,C,30,true
4001,C,30,true
4002,C,30,true
4003,C,30,true
4004,C,30,true
4005,C,30,true
4006,C,30,true
4007,C,30,true
4008,C,30,true
4009,C,30,true
4010,C,30,true
4011,C,30,true
4012,C,30,true
4013,C,30,true
4014,C,30,true
4015,C,30,true
4016,C,30,true
4017,C,30,true
4018,C,30,true
4019,C,30,true
4020,C,30,true
4021,C,30,true
4022,C,30,true
4023,C,30,true
4024,C,30,true
4025,C,30,true
4026,C,30,true
4027,C,30,true
4028,C,30,true
4029,C,30,true
4030,C,30,true
4031,C,30,true
4032,C,30,true
4033,C,30,true
4034,C,30,true
4035,C,30,true
4036,C,30,true
4037,C,30,true
4038,C,30,true
4039,C,30,true
4040,C,30,true
4041,C,30,true
4042,C,30,true
4043,C,30,true
4044,C,30,true
4045,C,30,true
4046,C,30,true
4047,C,30,true
4048,C,30,true
4049,C,30,true
4050,C,30,true
4051,C,30,true
4052,C,30,true
4053,C,30,true
4054,C,30,true
4055,C,30,true
4056,C,30,true
4057,C,30,true
4058,C,30,true
4059,C,30,true
4060,C,30,true
4061,C,30,true
4062,C,30,true
4063,C,30,true
4064,C,30,true
4065,C,30,true
4066,C,30,true
4067,C,30,true
4068,C,30,true
4069,C,30,true
4070,C,30,true
4071,C,30,true
4072,C,30,true
4073,C,30,true
4074,C,30,true
4075,C,30,true
4076,C,30,true
4077,C,30,true
4078,C,30,true
4079,C,30,true
4080,C,30,true
4081,C,30,true
4082,C,30,true
4083,C,30,true
4084,C,30,true
4085,C,30,true
4086,C,30,true
4087,C,30,true
4088,C,30,true
4089,C,30,true
4090,C,30,true
4091,C,30,true
4092,C,30,true
4093,C,30,true
4094,C,30,true
4095,C,30,true
4096,C,30,true
